Дата,Корпус,Кол-во активных квартир
2023-07-03,"ул. Александра Митинского, д. 4, (ГП 3.8)",1
2023-07-03,"ул. Александра Пушкина д.3, (ГП-7.7)",1
2023-07-03,"ул. Валентины Трофимовой, д. 8",3
2023-07-03,"ул. Монтажников, д. 38",2
2023-07-04,"ул. Александра Митинского, д. 4, (ГП 3.8)",5
2023-07-04,"ул. Александра Пушкина д.3, (ГП-7.7)",18
2023-07-04,"ул. Валентины Трофимовой, д. 12",2
2023-07-04,"ул. Валентины Трофимовой, д. 2 корпус 1, (ГП-3.3)",1
2023-07-04,"ул. Валентины Трофимовой, д. 8",16
2023-07-04,"ул. Монтажников 36, (ГП-4.7)",1
2023-07-04,"ул. Монтажников, д. 38",13
2023-07-04,"ул. Монтажников, д. 40",7
2023-07-04,"ул. Федора Достоевского, д.  22, (ГП-7.10.2)",1
2023-07-04,"ул. Федора Достоевского, д.  24, (ГП-7.10.3)",1
2023-07-13,"ул. Валентины Трофимовой, д. 8",1
2023-07-14,"ул. Валентины Трофимовой, д. 12",1
2023-07-14,"ул. Монтажников, д. 40",1
2023-07-17,"ул. Александра Пушкина д.3, (ГП-7.7)",1
2023-07-17,"ул. Валентины Трофимовой, д. 12",1
2023-07-17,"ул. Валентины Трофимовой, д. 2 корпус 1, (ГП-3.3)",1
2023-07-17,"ул. Валентины Трофимовой, д. 8",1
2023-07-17,"ул. Монтажников, д. 40",1
2023-07-18,"ул. Александра Митинского, д. 4, (ГП 3.8)",1
2023-07-18,"ул. Валентины Трофимовой, д. 12",1
2023-07-18,"ул. Валентины Трофимовой, д. 2 корпус 1, (ГП-3.3)",1
2023-07-18,"ул. Монтажников, д. 38",1
2023-07-19,"ул. Александра Пушкина д.3, (ГП-7.7)",3
2023-07-19,"ул. Валентины Трофимовой, д. 8",11
2023-07-19,"ул. Монтажников, д. 38",2
2023-07-20,"ул. Валентины Трофимовой, д. 8",3
2023-07-20,"ул. Монтажников, д. 38",1
2023-07-20,"ул. Монтажников, д. 40",1
2023-07-21,"ул. Александра Пушкина д.3, (ГП-7.7)",10
2023-07-21,"ул. Валентины Трофимовой, д. 8",1
2023-07-24,"ул. Валентины Трофимовой, д. 12",1
2023-07-24,"ул. Монтажников, д. 38",2
2023-07-24,"ул. Монтажников, д. 40",1
2023-07-25,"ул. Александра Митинского, д. 4, (ГП 3.8)",3
2023-07-25,"ул. Валентины Трофимовой, д. 2 корпус 1, (ГП-3.3)",1
2023-07-25,"ул. Валентины Трофимовой, д. 8",3
2023-07-25,"ул. Монтажников 36, (ГП-4.7)",1
2023-07-25,"ул. Монтажников, д. 38",4
2023-07-25,"ул. Монтажников, д. 40",2
2023-07-26,"ул. Валентины Трофимовой, д. 12",2
2023-07-26,"ул. Монтажников, д. 40",1
2023-07-27,"ул. Александра Митинского, д. 4, (ГП 3.8)",2
2023-07-27,"ул. Александра Пушкина д.3, (ГП-7.7)",2
2023-07-27,"ул. Валентины Трофимовой, д. 8",1
2023-07-27,"ул. Монтажников 36, (ГП-4.7)",1
2023-07-27,"ул. Монтажников, д. 38",4
2023-07-27,"ул. Монтажников, д. 40",2
2023-07-28,"ул. Александра Митинского, д. 4, (ГП 3.8)",1
2023-07-28,"ул. Александра Пушкина д.3, (ГП-7.7)",3
2023-07-28,"ул. Валентины Трофимовой, д. 12",1
2023-07-28,"ул. Валентины Трофимовой, д. 8",1
2023-07-29,"ул. Монтажников, д. 38",1
2023-07-31,"ул. Александра Митинского, д. 4, (ГП 3.8)",1
2023-08-01,"ул. Александра Митинского, д. 4, (ГП 3.8)",1
2023-08-01,"ул. Александра Пушкина д.3, (ГП-7.7)",4
2023-08-01,"ул. Валентины Трофимовой, д. 12",1
2023-08-01,"ул. Валентины Трофимовой, д. 8",3
2023-08-01,"ул. Монтажников 36, (ГП-4.7)",1
2023-08-01,"ул. Монтажников, д. 38",2
2023-08-01,"ул. Монтажников, д. 40",4
2023-08-02,"ул. Александра Митинского, д. 4, (ГП 3.8)",5
2023-08-02,"ул. Александра Пушкина д.3, (ГП-7.7)",2
2023-08-02,"ул. Валентины Трофимовой, д. 12",1
2023-08-02,"ул. Валентины Трофимовой, д. 8",6
2023-08-02,"ул. Монтажников, д. 40",1
2023-08-03,"ул. Александра Митинского, д. 4, (ГП 3.8)",1
2023-08-03,"ул. Александра Пушкина д.3, (ГП-7.7)",1
2023-08-03,"ул. Валентины Трофимовой, д. 8",1
2023-08-03,"ул. Монтажников, д. 38",1
2023-08-04,"ул. Александра Митинского, д. 4, (ГП 3.8)",1
2023-08-04,"ул. Александра Пушкина д.3, (ГП-7.7)",1
2023-08-04,"ул. Монтажников, д. 40",1
2023-08-05,"ул. Александра Пушкина д.3, (ГП-7.7)",3
2023-08-05,"ул. Валентины Трофимовой, д. 8",6
2023-08-05,"ул. Монтажников, д. 40",3
2023-08-07,"ул. Александра Митинского, д. 4, (ГП 3.8)",1
2023-08-07,"ул. Валентины Трофимовой, д. 2 корпус 1, (ГП-3.3)",1
2023-08-07,"ул. Валентины Трофимовой, д. 8",3
2023-08-07,"ул. Монтажников, д. 40",2
2023-08-07,"ул. Федора Достоевского, д.  22, (ГП-7.10.2)",1
2023-08-07,"ул. Федора Достоевского, д.  24, (ГП-7.10.3)",1
2023-08-08,"ул. Александра Пушкина д.3, (ГП-7.7)",2
2023-08-08,"ул. Валентины Трофимовой, д. 12",1
2023-08-08,"ул. Монтажников, д. 40",1
2023-08-08,"ул. Федора Достоевского, д.  24, (ГП-7.10.3)",1
2023-08-09,"ул. Валентины Трофимовой, д. 8",4
2023-08-09,"ул. Монтажников, д. 38",1
2023-08-09,"ул. Монтажников, д. 40",1
2023-08-10,"ул. Александра Пушкина д.3, (ГП-7.7)",1
2023-08-10,"ул. Валентины Трофимовой, д. 12",1
2023-08-10,"ул. Монтажников 36, (ГП-4.7)",1
2023-08-10,"ул. Монтажников, д. 38",7
2023-08-10,"ул. Монтажников, д. 40",2
2023-08-11,"ул. Монтажников 36, (ГП-4.7)",1
2023-08-11,"ул. Монтажников, д. 38",2
2023-08-11,"ул. Монтажников, д. 40",1
2023-08-12,"ул. Монтажников, д. 40",3
2023-08-14,"ул. Александра Митинского, д.  6, (ГП-3.1)",1
2023-08-14,"ул. Александра Митинского, д. 4, (ГП 3.8)",2
2023-08-14,"ул. Александра Пушкина д.3, (ГП-7.7)",1
2023-08-14,"ул. Валентины Трофимовой, д. 8",4
2023-08-14,"ул. Монтажников, д. 40",2
2023-08-14,"ул. Федора Достоевского, д.  24, (ГП-7.10.3)",1
2023-08-15,"ул. Александра Пушкина д.3, (ГП-7.7)",1
2023-08-15,"ул. Валентины Трофимовой, д. 12",1
2023-08-15,"ул. Валентины Трофимовой, д. 8",8
2023-08-15,"ул. Монтажников 36, (ГП-4.7)",1
2023-08-15,"ул. Монтажников, д. 38",2
2023-08-15,"ул. Монтажников, д. 40",1
2023-08-15,"ул. Федора Достоевского, д.  24, (ГП-7.10.3)",1
2023-08-16,"ул. Александра Митинского, д. 4, (ГП 3.8)",3
2023-08-16,"ул. Александра Пушкина д.3, (ГП-7.7)",8
2023-08-16,"ул. Валентины Трофимовой, д. 12",1
2023-08-16,"ул. Валентины Трофимовой, д. 2 корпус 1, (ГП-3.3)",3
2023-08-16,"ул. Валентины Трофимовой, д. 8",3
2023-08-16,"ул. Монтажников, д. 38",4
2023-08-16,"ул. Монтажников, д. 40",7
2023-08-16,"ул. Федора Достоевского, д.  22, (ГП-7.10.2)",1
2023-08-17,"ул. Александра Митинского, д. 4, (ГП 3.8)",1
2023-08-17,"ул. Валентины Трофимовой, д. 12",2
2023-08-17,"ул. Валентины Трофимовой, д. 8",3
2023-08-17,"ул. Монтажников 36, (ГП-4.7)",1
2023-08-17,"ул. Монтажников, д. 38",2
2023-08-17,"ул. Монтажников, д. 40",4
2023-08-18,"ул. Монтажников 36, (ГП-4.7)",1
2023-08-18,"ул. Монтажников, д. 38",3
2023-08-18,"ул. Монтажников, д. 40",6
2023-08-21,"ул. Монтажников 36, (ГП-4.7)",1
2023-08-22,"ул. Александра Пушкина д.3, (ГП-7.7)",8
2023-08-22,"ул. Валентины Трофимовой, д. 12",2
2023-08-22,"ул. Валентины Трофимовой, д. 8",1
2023-08-22,"ул. Монтажников, д. 38",2
2023-08-22,"ул. Монтажников, д. 40",6
2023-08-23,"ул. Монтажников 36, (ГП-4.7)",1
2023-08-23,"ул. Монтажников, д. 38",2
2023-08-23,"ул. Монтажников, д. 40",3
2023-08-25,"ул. Александра Митинского, д. 4, (ГП 3.8)",1
2023-08-25,"ул. Александра Пушкина д.3, (ГП-7.7)",5
2023-08-25,"ул. Валентины Трофимовой, д. 12",2
2023-08-25,"ул. Монтажников, д. 38",2
2023-08-25,"ул. Монтажников, д. 40",5
2023-08-27,"ул. Валентины Трофимовой, д. 12",1
2023-08-27,"ул. Монтажников, д. 38",1
2023-08-27,"ул. Монтажников, д. 40",5
2023-08-28,"ул. Александра Пушкина д.3, (ГП-7.7)",3
2023-08-28,"ул. Александра Пушкина, д. 3, к.1 (ГП-7.11)",12
2023-08-28,"ул. Валентины Трофимовой, д. 8",2
2023-08-28,"ул. Монтажников, д. 38",2
2023-08-28,"ул. Монтажников, д. 40",1
2023-08-29,"ул. Александра Митинского, д. 4, (ГП 3.8)",11
2023-08-29,"ул. Александра Пушкина д.3, (ГП-7.7)",4
2023-08-29,"ул. Валентины Трофимовой, д. 12",6
2023-08-29,"ул. Валентины Трофимовой, д. 8",5
2023-08-29,"ул. Монтажников 36, (ГП-4.7)",1
2023-08-29,"ул. Монтажников, д.  42, (ГП-5.10)",10
2023-08-29,"ул. Монтажников, д.  42а, (ГП-5.11)",11
2023-08-29,"ул. Монтажников, д. 38",5
2023-08-29,"ул. Монтажников, д. 40",11
2023-08-30,"ул. Александра Митинского, д. 4, (ГП 3.8)",3
2023-08-30,"ул. Валентины Трофимовой, д. 12",3
2023-08-30,"ул. Валентины Трофимовой, д. 8",2
2023-08-30,"ул. Монтажников, д.  42, (ГП-5.10)",1
2023-08-30,"ул. Монтажников, д.  42а, (ГП-5.11)",1
2023-08-30,"ул. Монтажников, д. 38",3
2023-08-31,"ул. Александра Пушкина, д. 3, к.1 (ГП-7.11)",2
2023-08-31,"ул. Валентины Трофимовой, д. 12",2
2023-08-31,"ул. Монтажников, д.  42а, (ГП-5.11)",1
2023-08-31,"ул. Монтажников, д. 40",5
2023-09-01,"ул. Александра Пушкина д.3, (ГП-7.7)",2
2023-09-01,"ул. Александра Пушкина, д. 3, к.1 (ГП-7.11)",11
2023-09-01,"ул. Монтажников 36, (ГП-4.7)",1
2023-09-01,"ул. Монтажников, д. 38",3
2023-09-01,"ул. Монтажников, д. 40",4
2023-09-02,"ул. Александра Пушкина, д. 3, к.1 (ГП-7.11)",1
2023-09-04,"ул. Валентины Трофимовой, д. 8",1
2023-09-04,"ул. Монтажников, д. 38",1
2023-09-06,"ул. Александра Митинского, д. 4, (ГП 3.8)",1
2023-09-06,"ул. Александра Пушкина д.3, (ГП-7.7)",1
2023-09-06,"ул. Александра Пушкина, д. 3, к.1 (ГП-7.11)",7
2023-09-06,"ул. Валентины Трофимовой, д. 12",7
2023-09-06,"ул. Валентины Трофимовой, д. 8",1
2023-09-06,"ул. Монтажников, д. 38",2
2023-09-06,"ул. Монтажников, д. 40",3
2023-09-07,"ул. Александра Пушкина д.3, (ГП-7.7)",1
2023-09-07,"ул. Александра Пушкина, д. 3, к.1 (ГП-7.11)",4
2023-09-07,"ул. Валентины Трофимовой, д. 8",3
2023-09-07,"ул. Монтажников, д. 38",4
2023-09-07,"ул. Монтажников, д. 40",6
2023-09-08,"ул. Александра Митинского, д. 4, (ГП 3.8)",2
2023-09-08,"ул. Валентины Трофимовой, д. 8",1
2023-09-08,"ул. Монтажников, д.  42а, (ГП-5.11)",1
2023-09-08,"ул. Монтажников, д. 38",2
2023-09-08,"ул. Монтажников, д. 40",4
2023-09-11,"ул. Александра Пушкина д.3, (ГП-7.7)",3
2023-09-11,"ул. Валентины Трофимовой, д. 12",1
2023-09-11,"ул. Монтажников, д.  42а, (ГП-5.11)",2
2023-09-11,"ул. Монтажников, д. 38",1
2023-09-11,"ул. Монтажников, д. 40",7
2023-09-12,"ул. Александра Митинского, д. 4, (ГП 3.8)",3
2023-09-12,"ул. Александра Пушкина д.3, (ГП-7.7)",2
2023-09-12,"ул. Валентины Трофимовой, д. 12",1
2023-09-12,"ул. Валентины Трофимовой, д. 8",7
2023-09-12,"ул. Монтажников, д. 38",1
2023-09-12,"ул. Монтажников, д. 40",7
2023-09-13,"ул. Валентины Трофимовой, д. 8",1
2023-09-13,"ул. Монтажников, д. 38",2
2023-09-13,"ул. Монтажников, д. 40",5
2023-09-14,"ул. Александра Пушкина, д. 3, к.1 (ГП-7.11)",1
2023-09-14,"ул. Монтажников, д.  42а, (ГП-5.11)",1
2023-09-14,"ул. Монтажников, д. 40",7
2023-09-15,"ул. Александра Пушкина д.3, (ГП-7.7)",1
2023-09-15,"ул. Александра Пушкина, д. 3, к.1 (ГП-7.11)",4
2023-09-18,"ул. Монтажников 36, (ГП-4.7)",1
2023-09-18,"ул. Монтажников, д.  42а, (ГП-5.11)",2
2023-09-18,"ул. Монтажников, д. 38",1
2023-09-18,"ул. Монтажников, д. 40",10
2023-09-19,"ул. Монтажников, д. 38",1
2023-09-19,"ул. Монтажников, д. 40",1
2023-09-20,"ул. Монтажников, д. 40",1
2023-09-21,"ул. Александра Пушкина д.3, (ГП-7.7)",1
2023-09-21,"ул. Монтажников 36, (ГП-4.7)",1
2023-09-21,"ул. Монтажников, д.  42а, (ГП-5.11)",1
2023-09-21,"ул. Монтажников, д. 40",12
2023-09-22,"ул. Александра Пушкина, д. 3, к.1 (ГП-7.11)",3
2023-09-22,"ул. Валентины Трофимовой, д. 12",3
2023-09-22,"ул. Монтажников 36, (ГП-4.7)",1
2023-09-22,"ул. Монтажников, д. 38",1
2023-09-22,"ул. Монтажников, д. 40",10
2023-09-25,"ул. Александра Пушкина, д. 3, к.1 (ГП-7.11)",2
2023-09-25,"ул. Монтажников, д.  42а, (ГП-5.11)",1
2023-09-25,"ул. Монтажников, д. 40",4
2023-09-26,"ул. Александра Пушкина, д. 3, к.1 (ГП-7.11)",1
2023-09-26,"ул. Монтажников, д.  42, (ГП-5.10)",2
2023-09-26,"ул. Монтажников, д.  42а, (ГП-5.11)",3
2023-09-26,"ул. Монтажников, д. 38",1
2023-09-26,"ул. Монтажников, д. 40",4
2023-09-27,"ул. Монтажников, д.  42, (ГП-5.10)",4
2023-09-27,"ул. Монтажников, д.  42а, (ГП-5.11)",1
2023-09-27,"ул. Монтажников, д. 40",2
2023-09-28,"ул. Александра Пушкина, д. 3, к.1 (ГП-7.11)",1
2023-09-28,"ул. Монтажников 36, (ГП-4.7)",1
2023-09-28,"ул. Монтажников, д.  42, (ГП-5.10)",1
2023-09-29,"ул. Монтажников, д.  42а, (ГП-5.11)",2
2023-10-02,"ул. Александра Пушкина, д. 3, к.1 (ГП-7.11)",1
2023-10-02,"ул. Валентины Трофимовой, д. 8",1
2023-10-02,"ул. Монтажников, д. 40",1
2023-10-03,"ул. Александра Пушкина, д. 3, к.1 (ГП-7.11)",7
2023-10-03,"ул. Валентины Трофимовой, д. 12",1
2023-10-03,"ул. Монтажников, д.  42, (ГП-5.10)",2
2023-10-03,"ул. Монтажников, д.  42а, (ГП-5.11)",6
2023-10-03,"ул. Монтажников, д. 40",2
2023-10-04,"ул. Александра Пушкина, д. 3, к.1 (ГП-7.11)",3
2023-10-04,"ул. Монтажников, д.  42, (ГП-5.10)",2
2023-10-04,"ул. Монтажников, д.  42а, (ГП-5.11)",3
2023-10-04,"ул. Монтажников, д. 38",1
2023-10-04,"ул. Монтажников, д. 40",3
2023-10-05,"ул. Александра Пушкина, д. 3, к.1 (ГП-7.11)",1
2023-10-05,"ул. Монтажников, д. 40",1
2023-10-06,"ул. Александра Пушкина, д. 3, к.1 (ГП-7.11)",1
2023-10-06,"ул. Монтажников, д.  42а, (ГП-5.11)",3
2023-10-06,"ул. Монтажников, д. 38",1
2023-10-06,"ул. Монтажников, д. 40",4
2023-10-09,"ул. Валентины Трофимовой, д. 12",1
2023-10-09,"ул. Монтажников, д. 38",2
2023-10-09,"ул. Федора Достоевского, д.  26, (ГП-7.1)",1
2023-10-11,"ул. Александра Пушкина д.3, (ГП-7.7)",1
2023-10-11,"ул. Александра Пушкина, д. 3, к.1 (ГП-7.11)",3
2023-10-11,"ул. Валентины Трофимовой, д. 12",1
2023-10-11,"ул. Валентины Трофимовой, д. 8",1
2023-10-11,"ул. Монтажников 36, (ГП-4.7)",1
2023-10-11,"ул. Монтажников, д.  42а, (ГП-5.11)",2
2023-10-12,"ул. Валентины Трофимовой, д. 12",1
2023-10-12,"ул. Валентины Трофимовой, д. 8",1
2023-10-12,"ул. Монтажников 36, (ГП-4.7)",1
2023-10-12,"ул. Монтажников, д. 38",1
2023-10-12,"ул. Монтажников, д. 40",3
2023-10-12,"ул. Федора Достоевского, д.  26, (ГП-7.1)",2
2023-10-13,"ул. Александра Пушкина, д. 3, к.1 (ГП-7.11)",1
2023-10-13,"ул. Валентины Трофимовой, д. 12",1
2023-10-13,"ул. Монтажников, д.  42а, (ГП-5.11)",1
2023-10-14,"ул. Александра Пушкина, д. 3, к.1 (ГП-7.11)",4
2023-10-16,"ул. Александра Пушкина, д. 3, к.1 (ГП-7.11)",1
2023-10-16,"ул. Валентины Трофимовой, д. 12",1
2023-10-16,"ул. Монтажников 36, (ГП-4.7)",1
2023-10-16,"ул. Монтажников, д.  42, (ГП-5.10)",1
2023-10-16,"ул. Монтажников, д.  42а, (ГП-5.11)",2
2023-10-16,"ул. Монтажников, д. 38",1
2023-10-17,"ул. Александра Пушкина, д. 3, к.1 (ГП-7.11)",1
2023-10-17,"ул. Монтажников, д.  42, (ГП-5.10)",2
2023-10-17,"ул. Федора Достоевского, д.  26, (ГП-7.1)",3
2023-10-18,"ул. Александра Пушкина д.3, (ГП-7.7)",1
2023-10-18,"ул. Александра Пушкина, д. 3, к.1 (ГП-7.11)",1
2023-10-18,"ул. Валентины Трофимовой, д. 12",1
2023-10-18,"ул. Монтажников, д.  42а, (ГП-5.11)",1
2023-10-19,"ул. Александра Пушкина, д. 3, к.1 (ГП-7.11)",1
2023-10-19,"ул. Монтажников, д.  42, (ГП-5.10)",2
2023-10-19,"ул. Монтажников, д.  42а, (ГП-5.11)",2
2023-10-20,"ул. Александра Пушкина, д. 3, к.1 (ГП-7.11)",4
2023-10-20,"ул. Монтажников, д.  42, (ГП-5.10)",1
2023-10-20,"ул. Монтажников, д.  42а, (ГП-5.11)",1
2023-10-20,"ул. Монтажников, д. 40",1
2023-10-20,"ул. Федора Достоевского, д.  22, (ГП-7.10.2)",2
2023-10-21,"ул. Федора Достоевского, д.  24, (ГП-7.10.3)",1
2023-10-23,"ул. Валентины Трофимовой, д. 12",1
2023-10-23,"ул. Монтажников, д.  42, (ГП-5.10)",2
2023-10-23,"ул. Монтажников, д.  42а, (ГП-5.11)",4
2023-10-23,"ул. Монтажников, д. 38",1
2023-10-23,"ул. Монтажников, д. 40",1
2023-10-24,"ул. Александра Пушкина, д. 3, к.1 (ГП-7.11)",2
2023-10-24,"ул. Монтажников, д.  42, (ГП-5.10)",1
2023-10-25,"ул. Валентины Трофимовой, д. 12",1
2023-10-25,"ул. Валентины Трофимовой, д. 8",2
2023-10-25,"ул. Монтажников 36, (ГП-4.7)",1
2023-10-25,"ул. Монтажников, д.  42а, (ГП-5.11)",3
2023-10-25,"ул. Монтажников, д. 38",4
2023-10-25,"ул. Монтажников, д. 40",3
2023-10-26,"ул. Александра Митинского, д. 4, (ГП 3.8)",1
2023-10-26,"ул. Валентины Трофимовой, д. 12",1
2023-10-26,"ул. Монтажников, д.  42, (ГП-5.10)",3
2023-10-26,"ул. Монтажников, д. 38",1
2023-10-26,"ул. Федора Достоевского, д.  26, (ГП-7.1)",3
2023-10-27,"ул. Валентины Трофимовой, д. 12",1
2023-10-27,"ул. Монтажников 36, (ГП-4.7)",1
2023-10-27,"ул. Монтажников, д.  42, (ГП-5.10)",1
2023-10-27,"ул. Монтажников, д. 38",3
2023-10-30,"ул. Александра Пушкина, д. 3, к.1 (ГП-7.11)",2
2023-10-30,"ул. Валентины Трофимовой, д. 12",1
2023-10-30,"ул. Монтажников, д.  42, (ГП-5.10)",1
2023-10-30,"ул. Монтажников, д.  42а, (ГП-5.11)",3
2023-10-30,"ул. Монтажников, д. 38",1
2023-10-30,"ул. Монтажников, д. 40",2
2023-10-31,"ул. Александра Пушкина, д. 3, к.1 (ГП-7.11)",11
2023-10-31,"ул. Валентины Трофимовой, д. 12",1
2023-10-31,"ул. Монтажников, д.  42, (ГП-5.10)",1
2023-10-31,"ул. Монтажников, д.  42а, (ГП-5.11)",2
2023-10-31,"ул. Федора Достоевского, д.  26, (ГП-7.1)",1
2023-11-01,"ул. Монтажников, д.  42, (ГП-5.10)",1
2023-11-01,"ул. Монтажников, д.  42а, (ГП-5.11)",2
2023-11-01,"ул. Монтажников, д. 40",1
2023-11-02,"ул. Александра Пушкина, д. 3, к.1 (ГП-7.11)",1
2023-11-02,"ул. Валентины Трофимовой, д. 12",1
2023-11-02,"ул. Монтажников, д. 40",1
2023-11-03,"ул. Александра Митинского, д. 4, (ГП 3.8)",1
2023-11-03,"ул. Александра Пушкина, д. 3, к.1 (ГП-7.11)",1
2023-11-03,"ул. Монтажников 36, (ГП-4.7)",1
2023-11-03,"ул. Монтажников, д.  42, (ГП-5.10)",5
2023-11-03,"ул. Монтажников, д.  42а, (ГП-5.11)",6
2023-11-03,"ул. Федора Достоевского, д.  26, (ГП-7.1)",1
2023-11-07,"ул. Александра Пушкина д.3, (ГП-7.7)",2
2023-11-07,"ул. Александра Пушкина, д. 3, к.1 (ГП-7.11)",1
2023-11-07,"ул. Константина Посьета, д.  4к1, (ГП-5.2)",12
2023-11-07,"ул. Монтажников 36, (ГП-4.7)",1
2023-11-07,"ул. Монтажников, д.  42а, (ГП-5.11)",3
2023-11-09,"ул. Александра Пушкина д.3, (ГП-7.7)",1
2023-11-09,"ул. Александра Пушкина, д. 3, к.1 (ГП-7.11)",10
2023-11-09,"ул. Валентины Трофимовой, д. 12",1
2023-11-09,"ул. Константина Посьета, д.  4к1, (ГП-5.2)",2
2023-11-09,"ул. Монтажников 36, (ГП-4.7)",1
2023-11-09,"ул. Монтажников, д.  42, (ГП-5.10)",1
2023-11-09,"ул. Монтажников, д.  42а, (ГП-5.11)",4
2023-11-13,"ул. Валентины Трофимовой, д. 12",1
2023-11-13,"ул. Константина Посьета, д.  4к1, (ГП-5.2)",11
2023-11-13,"ул. Монтажников, д.  42, (ГП-5.10)",3
2023-11-13,"ул. Монтажников, д.  42а, (ГП-5.11)",8
2023-11-13,"ул. Монтажников, д. 40",1
2023-11-13,"ул. Федора Достоевского, д.  26, (ГП-7.1)",1
2023-11-14,"ул. Монтажников, д.  42, (ГП-5.10)",2
2023-11-14,"ул. Федора Достоевского, д.  26, (ГП-7.1)",1
2023-11-15,"ул. Александра Пушкина, д. 3, к.1 (ГП-7.11)",1
2023-11-15,"ул. Валентины Трофимовой, д. 12",1
2023-11-15,"ул. Монтажников, д.  42, (ГП-5.10)",4
2023-11-15,"ул. Монтажников, д.  42а, (ГП-5.11)",8
2023-11-15,"ул. Федора Достоевского, д.  26, (ГП-7.1)",1
2023-11-16,"ул. Александра Пушкина, д. 3, к.1 (ГП-7.11)",1
2023-11-17,"ул. Александра Пушкина, д. 3, к.1 (ГП-7.11)",1
2023-11-17,"ул. Монтажников, д.  42а, (ГП-5.11)",2
2023-11-18,"ул. Александра Пушкина, д. 3, к.1 (ГП-7.11)",2
2023-11-18,"ул. Валентины Трофимовой, д. 8",1
2023-11-18,"ул. Константина Посьета, д.  4к1, (ГП-5.2)",2
2023-11-18,"ул. Монтажников, д.  42, (ГП-5.10)",3
2023-11-18,"ул. Монтажников, д.  42а, (ГП-5.11)",1
2023-11-18,"ул. Федора Достоевского, д.  26, (ГП-7.1)",1
2023-11-20,"ул. Александра Пушкина д.3, (ГП-7.7)",1
2023-11-20,"ул. Валентины Трофимовой, д. 12",2
2023-11-20,"ул. Монтажников 36, (ГП-4.7)",1
2023-11-20,"ул. Монтажников, д.  42, (ГП-5.10)",1
2023-11-20,"ул. Монтажников, д.  42а, (ГП-5.11)",4
2023-11-20,"ул. Федора Достоевского, д.  26, (ГП-7.1)",1
2023-11-21,"ул. Константина Посьета, д.  4к1, (ГП-5.2)",4
2023-11-21,"ул. Монтажников, д.  42, (ГП-5.10)",1
2023-11-21,"ул. Монтажников, д.  42а, (ГП-5.11)",1
2023-11-22,"ул. Александра Пушкина, д. 3, к.1 (ГП-7.11)",2
2023-11-22,"ул. Монтажников, д.  42, (ГП-5.10)",4
2023-11-22,"ул. Монтажников, д.  42а, (ГП-5.11)",7
2023-11-22,"ул. Федора Достоевского, д.  26, (ГП-7.1)",1
2023-11-23,"ул. Александра Пушкина, д. 3, к.1 (ГП-7.11)",2
2023-11-24,"ул. Александра Пушкина, д. 3, к.1 (ГП-7.11)",2
2023-11-24,"ул. Валентины Трофимовой, д. 8",1
2023-11-24,"ул. Константина Посьета, д.  4к1, (ГП-5.2)",4
2023-11-24,"ул. Монтажников, д.  42, (ГП-5.10)",4
2023-11-24,"ул. Монтажников, д.  42а, (ГП-5.11)",3
2023-11-24,"ул. Федора Достоевского, д.  26, (ГП-7.1)",2
2023-11-27,"ул. Александра Пушкина, д. 3, к.1 (ГП-7.11)",1
2023-11-27,"ул. Константина Посьета, д.  4к1, (ГП-5.2)",4
2023-11-27,"ул. Монтажников, д.  42, (ГП-5.10)",9
2023-11-27,"ул. Монтажников, д.  42а, (ГП-5.11)",6
2023-11-27,"ул. Федора Достоевского, д.  26, (ГП-7.1)",1
2023-11-28,"ул. Монтажников, д.  42, (ГП-5.10)",1
2023-11-28,"ул. Монтажников, д.  42а, (ГП-5.11)",1
2023-11-29,"ул. Александра Пушкина, д. 3, к.1 (ГП-7.11)",1
2023-11-29,"ул. Федора Достоевского, д.  26, (ГП-7.1)",2
2023-11-30,"ул. Александра Пушкина, д. 3, к.1 (ГП-7.11)",1
2023-11-30,"ул. Константина Посьета, д.  4к1, (ГП-5.2)",1
2023-11-30,"ул. Монтажников, д.  42, (ГП-5.10)",5
2023-11-30,"ул. Монтажников, д.  42а, (ГП-5.11)",2
2023-11-30,"ул. Монтажников, д. 40",1
2023-11-30,"ул. Федора Достоевского, д.  26, (ГП-7.1)",1
2023-12-01,"ул. Константина Посьета, д.  4к1, (ГП-5.2)",1
2023-12-01,"ул. Монтажников, д.  42, (ГП-5.10)",1
2023-12-04,"ул. Александра Пушкина, д. 3, к.1 (ГП-7.11)",1
2023-12-04,"ул. Константина Посьета, д.  4к1, (ГП-5.2)",3
2023-12-04,"ул. Монтажников, д.  42а, (ГП-5.11)",1
2023-12-04,"ул. Федора Достоевского, д.  26, (ГП-7.1)",3
2023-12-05,"ул. Монтажников, д.  42, (ГП-5.10)",1
2023-12-05,"ул. Монтажников, д.  42а, (ГП-5.11)",1
2023-12-05,"ул. Федора Достоевского, д.  26, (ГП-7.1)",1
2023-12-06,"ул. Александра Пушкина д.3, (ГП-7.7)",1
2023-12-06,"ул. Александра Пушкина, д. 3, к.1 (ГП-7.11)",4
2023-12-06,"ул. Константина Посьета, д.  4к1, (ГП-5.2)",3
2023-12-06,"ул. Монтажников, д.  42, (ГП-5.10)",2
2023-12-06,"ул. Монтажников, д.  42а, (ГП-5.11)",2
2023-12-06,"ул. Федора Достоевского, д.  26, (ГП-7.1)",2
2023-12-07,"ул. Валентины Трофимовой, д. 8",1
2023-12-07,"ул. Монтажников, д.  42а, (ГП-5.11)",1
2023-12-08,"ул. Александра Пушкина, д. 3, к.1 (ГП-7.11)",1
2023-12-08,"ул. Константина Посьета, д.  4к1, (ГП-5.2)",2
2023-12-08,"ул. Монтажников, д.  42, (ГП-5.10)",1
2023-12-08,"ул. Монтажников, д.  42а, (ГП-5.11)",1
2023-12-11,"ул. Александра Митинского, д. 4, (ГП 3.8)",13
2023-12-11,"ул. Александра Пушкина д.3, (ГП-7.7)",1
2023-12-11,"ул. Александра Пушкина, д. 3, к.1 (ГП-7.11)",2
2023-12-11,"ул. Константина Посьета, д.  4к1, (ГП-5.2)",1
2023-12-11,"ул. Монтажников, д.  42, (ГП-5.10)",1
2023-12-11,"ул. Монтажников, д.  42а, (ГП-5.11)",1
2023-12-11,"ул. Федора Достоевского, д.  26, (ГП-7.1)",1
2023-12-12,"ул. Александра Митинского, д. 4, (ГП 3.8)",1
2023-12-12,"ул. Александра Пушкина, д. 3, к.1 (ГП-7.11)",3
2023-12-12,"ул. Александра Пушкина, д. 5, (ГП-7.6)",8
2023-12-12,"ул. Монтажников, д.  42, (ГП-5.10)",1
2023-12-12,"ул. Федора Достоевского, д.  26, (ГП-7.1)",2
2023-12-13,"ул. Монтажников, д.  42, (ГП-5.10)",3
2023-12-13,"ул. Монтажников, д.  42а, (ГП-5.11)",2
2023-12-14,"ул. Александра Пушкина, д. 5, (ГП-7.6)",4
2023-12-14,"ул. Константина Посьета, д.  4к1, (ГП-5.2)",1
2023-12-14,"ул. Монтажников, д.  42а, (ГП-5.11)",2
2023-12-15,"ул. Валентины Трофимовой, д. 8",1
2023-12-15,"ул. Константина Посьета, д.  4к1, (ГП-5.2)",1
2023-12-15,"ул. Монтажников, д.  42, (ГП-5.10)",1
2023-12-15,"ул. Монтажников, д. 40",1
2023-12-18,"ул. Александра Пушкина д.3, (ГП-7.7)",1
2023-12-18,"ул. Александра Пушкина, д. 3, к.1 (ГП-7.11)",2
2023-12-18,"ул. Александра Пушкина, д. 5, (ГП-7.6)",1
2023-12-18,"ул. Константина Посьета, д.  4к1, (ГП-5.2)",4
2023-12-18,"ул. Монтажников, 42б. (ГП-6.1)",1
2023-12-18,"ул. Монтажников, д.  42, (ГП-5.10)",2
2023-12-18,"ул. Федора Достоевского, д.  26, (ГП-7.1)",2
2023-12-19,"ул. Александра Пушкина, д. 3, к.1 (ГП-7.11)",1
2023-12-19,"ул. Александра Пушкина, д. 5, (ГП-7.6)",31
2023-12-19,"ул. Монтажников, 42б. (ГП-6.1)",7
2023-12-19,"ул. Монтажников, д.  42, (ГП-5.10)",3
2023-12-19,"ул. Монтажников, д.  42а, (ГП-5.11)",1
2023-12-19,"ул. Федора Достоевского, д.  26, (ГП-7.1)",2
2023-12-21,"ул. Александра Пушкина, д. 5, (ГП-7.6)",2
2023-12-21,"ул. Константина Посьета, д.  4к1, (ГП-5.2)",1
2023-12-21,"ул. Монтажников, д.  42, (ГП-5.10)",2
2023-12-21,"ул. Монтажников, д.  42а, (ГП-5.11)",3
2023-12-21,"ул. Монтажников, д. 38",1
2023-12-21,"ул. Федора Достоевского, д.  26, (ГП-7.1)",1
2023-12-25,"ул. Константина Посьета, д.  4к1, (ГП-5.2)",4
2023-12-25,"ул. Монтажников 42, к.1 (ГП-5-12)",2
2023-12-25,"ул. Монтажников, 42б. (ГП-6.1)",5
2023-12-25,"ул. Монтажников, д.  42, (ГП-5.10)",1
2023-12-25,"ул. Монтажников, д.  42а, (ГП-5.11)",1
2023-12-27,"ул. Монтажников, 42б. (ГП-6.1)",1
2023-12-27,"ул. Федора Достоевского, д.  26, (ГП-7.1)",1
2023-12-28,"ул. Монтажников 42, к.1 (ГП-5-12)",1
2023-12-28,"ул. Монтажников, 42б. (ГП-6.1)",5
2023-12-28,"ул. Монтажников, д.  42, (ГП-5.10)",1
2023-12-28,"ул. Монтажников, д.  42а, (ГП-5.11)",1
2023-12-28,"ул. Федора Достоевского, д.  26, (ГП-7.1)",1
2023-12-29,"ул. Монтажников, 42б. (ГП-6.1)",1
2023-12-29,"ул. Монтажников, д.  42, (ГП-5.10)",1
2024-01-05,"ул. Александра Пушкина, д. 3, к.1 (ГП-7.11)",1
2024-01-07,"ул. Александра Пушкина, д. 3, к.1 (ГП-7.11)",2
2024-01-07,"ул. Монтажников 42, к.1 (ГП-5-12)",1
2024-01-07,"ул. Монтажников, 42б. (ГП-6.1)",1
2024-01-08,"ул. Константина Посьета, д.  4к1, (ГП-5.2)",1
2024-01-09,"ул. Александра Пушкина д.3, (ГП-7.7)",1
2024-01-09,"ул. Александра Пушкина, д. 3, к.1 (ГП-7.11)",1
2024-01-09,"ул. Александра Пушкина, д. 5, (ГП-7.6)",1
2024-01-09,"ул. Константина Посьета, д.  4к1, (ГП-5.2)",2
2024-01-09,"ул. Монтажников 42, к.1 (ГП-5-12)",1
2024-01-09,"ул. Монтажников, 42б. (ГП-6.1)",3
2024-01-09,"ул. Федора Достоевского, д.  26, (ГП-7.1)",1
2024-01-10,"ул. Константина Посьета, д.  4к1, (ГП-5.2)",1
2024-01-10,"ул. Монтажников, д.  42, (ГП-5.10)",3
2024-01-11,"ул. Александра Пушкина, д. 5, (ГП-7.6)",1
2024-01-11,"ул. Монтажников, 42б. (ГП-6.1)",2
2024-01-12,"ул. Александра Пушкина, д. 5, (ГП-7.6)",1
2024-01-12,"ул. Монтажников, 42б. (ГП-6.1)",1
2024-01-15,"ул. Монтажников, д.  42, (ГП-5.10)",1
2024-01-15,"ул. Монтажников, д.  42а, (ГП-5.11)",2
2024-01-16,"ул. Александра Пушкина, д. 5, (ГП-7.6)",1
2024-01-16,"ул. Константина Посьета, д.  4к1, (ГП-5.2)",2
2024-01-16,"ул. Монтажников, 42б. (ГП-6.1)",1
2024-01-17,"ул. Александра Пушкина, д. 5, (ГП-7.6)",1
2024-01-17,"ул. Константина Посьета, д.  4к1, (ГП-5.2)",1
2024-01-17,"ул. Монтажников, 42б. (ГП-6.1)",3
2024-01-18,"ул. Александра Пушкина, д. 3, к.1 (ГП-7.11)",1
2024-01-18,"ул. Александра Пушкина, д. 5, (ГП-7.6)",3
2024-01-18,"ул. Константина Посьета, д.  4к1, (ГП-5.2)",1
2024-01-18,"ул. Монтажников, 42б. (ГП-6.1)",3
2024-01-18,"ул. Монтажников, д.  42, (ГП-5.10)",1
2024-01-18,"ул. Монтажников, д. 38",1
2024-01-18,"ул. Федора Достоевского, д.  26, (ГП-7.1)",1
2024-01-19,"ул. Александра Пушкина, д. 5, (ГП-7.6)",2
2024-01-19,"ул. Монтажников, 42б. (ГП-6.1)",2
2024-01-22,"ул. Александра Пушкина, д. 5, (ГП-7.6)",4
2024-01-22,"ул. Монтажников, д.  42, (ГП-5.10)",2
2024-01-23,"ул. Александра Пушкина, д. 5, (ГП-7.6)",2
2024-01-23,"ул. Монтажников, 42б. (ГП-6.1)",1
2024-01-24,"ул. Александра Пушкина, д. 5, (ГП-7.6)",2
2024-01-24,"ул. Монтажников, 42б. (ГП-6.1)",1
2024-01-24,"ул. Федора Достоевского, д.  26, (ГП-7.1)",1
2024-01-25,"ул. Александра Пушкина, д. 5, (ГП-7.6)",19
2024-01-25,"ул. Монтажников, 42б. (ГП-6.1)",1
2024-01-26,"ул. Александра Пушкина, д. 5, (ГП-7.6)",4
2024-01-26,"ул. Монтажников 36, (ГП-4.7)",1
2024-01-26,"ул. Монтажников, 42б. (ГП-6.1)",1
2024-01-26,"ул. Федора Достоевского, д.  26, (ГП-7.1)",1
2024-01-29,"ул. Александра Пушкина, д. 3, к.1 (ГП-7.11)",1
2024-01-29,"ул. Александра Пушкина, д. 5, (ГП-7.6)",2
2024-01-30,"ул. Александра Пушкина, д. 5, (ГП-7.6)",1
2024-01-31,"ул. Александра Пушкина, д. 5, (ГП-7.6)",3
2024-01-31,"ул. Монтажников, 42б. (ГП-6.1)",1
2024-02-01,"ул. Александра Пушкина, д. 5, (ГП-7.6)",1
2024-02-01,"ул. Монтажников, 42б. (ГП-6.1)",3
2024-02-01,"ул. Монтажников, д.  42, (ГП-5.10)",1
2024-02-02,"ул. Александра Пушкина, д. 5, (ГП-7.6)",12
2024-02-02,"ул. Валентины Трофимовой, д. 12",7
2024-02-02,"ул. Константина Посьета, д.  4к1, (ГП-5.2)",2
2024-02-02,"ул. Монтажников 42, к.1 (ГП-5-12)",38
2024-02-02,"ул. Монтажников, 42б. (ГП-6.1)",4
2024-02-02,"ул. Монтажников, д.  42, (ГП-5.10)",83
2024-02-02,"ул. Монтажников, д.  42а, (ГП-5.11)",38
2024-02-02,"ул. Федора Достоевского, д.  26, (ГП-7.1)",3
2024-02-08,"ул. Александра Пушкина, д. 3, к.1 (ГП-7.11)",1
2024-02-08,"ул. Монтажников 42, к.1 (ГП-5-12)",2
2024-02-09,"ул. Монтажников, 42б. (ГП-6.1)",2
2024-02-09,"ул. Монтажников, д.  42, (ГП-5.10)",1
2024-02-10,"ул. Монтажников, 42б. (ГП-6.1)",1
2024-02-12,"ул. Александра Пушкина д.3, (ГП-7.7)",4
2024-02-12,"ул. Александра Пушкина, д. 3, к.1 (ГП-7.11)",3
2024-02-12,"ул. Константина Посьета, д.  4к1, (ГП-5.2)",1
2024-02-12,"ул. Монтажников, 42б. (ГП-6.1)",2
2024-02-12,"ул. Монтажников, д.  42а, (ГП-5.11)",1
2024-02-12,"ул. Федора Достоевского, д.  26, (ГП-7.1)",1
2024-02-13,"ул. Александра Пушкина д.3, (ГП-7.7)",1
2024-02-13,"ул. Александра Пушкина, д. 3, к.1 (ГП-7.11)",1
2024-02-13,"ул. Александра Пушкина, д. 5, (ГП-7.6)",1
2024-02-13,"ул. Монтажников 42, к.1 (ГП-5-12)",1
2024-02-13,"ул. Монтажников, д.  42, (ГП-5.10)",1
2024-02-14,"ул. Александра Пушкина, д. 3, к.1 (ГП-7.11)",2
2024-02-14,"ул. Константина Посьета, д.  4к1, (ГП-5.2)",1
2024-02-14,"ул. Монтажников 42, к.1 (ГП-5-12)",1
2024-02-14,"ул. Монтажников, 42б. (ГП-6.1)",3
2024-02-15,"ул. Александра Пушкина д.3, (ГП-7.7)",5
2024-02-15,"ул. Александра Пушкина, д. 3, к.1 (ГП-7.11)",8
2024-02-15,"ул. Александра Пушкина, д. 5, (ГП-7.6)",7
2024-02-15,"ул. Константина Посьета, д.  4к1, (ГП-5.2)",1
2024-02-15,"ул. Монтажников 42, к.1 (ГП-5-12)",2
2024-02-15,"ул. Монтажников, 42б. (ГП-6.1)",2
2024-02-15,"ул. Монтажников, д.  42а, (ГП-5.11)",1
2024-02-21,"ул. Валентины Трофимовой, д. 8",1
2024-02-21,"ул. Монтажников 42, к.1 (ГП-5-12)",1
2024-02-21,"ул. Монтажников, 42б. (ГП-6.1)",23
2024-02-21,"ул. Монтажников, д.  42, (ГП-5.10)",1
2024-02-22,"ул. Александра Пушкина, д. 3, к.1 (ГП-7.11)",1
2024-02-22,"ул. Александра Пушкина, д. 5, (ГП-7.6)",1
2024-02-22,"ул. Монтажников, 42б. (ГП-6.1)",1
2024-02-26,"ул. Александра Пушкина д.3, (ГП-7.7)",6
2024-02-26,"ул. Александра Пушкина, д. 3, к.1 (ГП-7.11)",22
2024-02-26,"ул. Александра Пушкина, д. 5, (ГП-7.6)",19
2024-02-26,"ул. Валентины Трофимовой, д. 12",1
2024-02-26,"ул. Валентины Трофимовой, д. 8",4
2024-02-26,"ул. Константина Посьета, д.  4к1, (ГП-5.2)",2
2024-02-26,"ул. Монтажников 42, к.1 (ГП-5-12)",3
2024-02-26,"ул. Монтажников, 42б. (ГП-6.1)",16
2024-02-26,"ул. Монтажников, д.  42, (ГП-5.10)",1
2024-02-26,"ул. Монтажников, д.  42а, (ГП-5.11)",3
2024-02-26,"ул. Федора Достоевского, д.  26, (ГП-7.1)",9
2024-02-27,"ул. Александра Пушкина, д. 5, (ГП-7.6)",1
2024-03-04,"ул. Федора Достоевского, д.  26, (ГП-7.1)",1
2024-03-15,"ул. Александра Пушкина, д. 3, к.1 (ГП-7.11)",1
2024-03-15,"ул. Монтажников, д.  42а, (ГП-5.11)",3
2024-03-16,"ул. Александра Пушкина, д. 5, (ГП-7.6)",1
2024-03-16,"ул. Монтажников 42, к.1 (ГП-5-12)",1
2024-03-16,"ул. Монтажников, д.  42, (ГП-5.10)",1
2024-03-16,"ул. Монтажников, д.  42а, (ГП-5.11)",1
2024-03-16,"ул. Федора Достоевского, д.  26, (ГП-7.1)",1
2024-03-18,"ул. Константина Посьета, д.  4к1, (ГП-5.2)",1
2024-03-18,"ул. Монтажников, 42б. (ГП-6.1)",1
2024-03-18,"ул. Монтажников, д.  42, (ГП-5.10)",2
2024-03-19,"ул. Александра Пушкина, д. 5, (ГП-7.6)",1
2024-03-19,"ул. Монтажников 42, к.1 (ГП-5-12)",1
2024-03-19,"ул. Монтажников, 42б. (ГП-6.1)",1
2024-03-19,"ул. Монтажников, д.  42, (ГП-5.10)",2
2024-03-19,"ул. Федора Достоевского, д.  26, (ГП-7.1)",1
2024-03-20,"ул. Константина Посьета, д.  4к1, (ГП-5.2)",1
2024-03-20,"ул. Монтажников 42, к.1 (ГП-5-12)",1
2024-03-20,"ул. Монтажников, 42б. (ГП-6.1)",4
2024-03-20,"ул. Монтажников, д.  42, (ГП-5.10)",2
2024-03-20,"ул. Монтажников, д.  42а, (ГП-5.11)",2
2024-03-20,"ул. Федора Достоевского, д.  26, (ГП-7.1)",1
2024-03-21,"ул. Александра Пушкина, д. 5, (ГП-7.6)",2
2024-03-21,"ул. Монтажников, 42б. (ГП-6.1)",1
2024-03-21,"ул. Монтажников, д.  42а, (ГП-5.11)",1
2024-03-22,"ул. Монтажников, д.  42, (ГП-5.10)",1
2024-03-22,"ул. Монтажников, д.  42а, (ГП-5.11)",1
2024-03-25,"ул. Александра Пушкина д.3, (ГП-7.7)",1
2024-03-25,"ул. Александра Пушкина, д. 3, к.1 (ГП-7.11)",1
2024-03-25,"ул. Монтажников, д.  42, (ГП-5.10)",1
2024-03-26,"ул. Александра Пушкина, д. 5, (ГП-7.6)",1
2024-03-26,"ул. Монтажников, 42б. (ГП-6.1)",1
2024-03-26,"ул. Монтажников, д.  42, (ГП-5.10)",2
2024-03-26,"ул. Монтажников, д.  42а, (ГП-5.11)",5
2024-03-27,"ул. Александра Пушкина, д. 5, (ГП-7.6)",2
2024-03-27,"ул. Монтажников, д.  42а, (ГП-5.11)",1
2024-03-28,"ул. Монтажников, д.  42а, (ГП-5.11)",1
2024-03-29,"ул. Александра Пушкина, д. 5, (ГП-7.6)",3
2024-03-29,"ул. Монтажников, д.  42, (ГП-5.10)",1
2024-03-29,"ул. Монтажников, д.  42а, (ГП-5.11)",7
2024-04-01,"ул. Александра Пушкина, д. 5, (ГП-7.6)",2
2024-04-01,"ул. Монтажников, 42б. (ГП-6.1)",2
2024-04-01,"ул. Монтажников, д.  42а, (ГП-5.11)",9
2024-04-01,"ул. Федора Достоевского, д.  26, (ГП-7.1)",1
2024-04-02,"ул. Монтажников, д.  42, (ГП-5.10)",5
2024-04-02,"ул. Монтажников, д.  42а, (ГП-5.11)",7
2024-04-02,"ул. Федора Достоевского, д.  26, (ГП-7.1)",2
2024-04-03,"ул. Александра Пушкина, д. 3, к.1 (ГП-7.11)",1
2024-04-03,"ул. Александра Пушкина, д. 5, (ГП-7.6)",3
2024-04-03,"ул. Монтажников, 42б. (ГП-6.1)",1
2024-04-03,"ул. Монтажников, д.  42а, (ГП-5.11)",1
2024-04-04,"ул. Александра Пушкина, д. 5, (ГП-7.6)",2
2024-04-04,"ул. Монтажников, 42б. (ГП-6.1)",2
2024-04-04,"ул. Монтажников, д.  42, (ГП-5.10)",3
2024-04-05,"ул. Александра Пушкина, д. 3, к.1 (ГП-7.11)",1
2024-04-05,"ул. Александра Пушкина, д. 5, (ГП-7.6)",3
2024-04-05,"ул. Монтажников, д.  42, (ГП-5.10)",5
2024-04-05,"ул. Монтажников, д.  42а, (ГП-5.11)",3
2024-04-08,"ул. Монтажников 42, к.1 (ГП-5-12)",2
2024-04-09,"ул. Александра Пушкина, д. 5, (ГП-7.6)",1
2024-04-09,"ул. Монтажников, 42б. (ГП-6.1)",2
2024-04-10,"ул. Александра Пушкина, д. 3, к.1 (ГП-7.11)",1
2024-04-10,"ул. Александра Пушкина, д. 5, (ГП-7.6)",4
2024-04-10,"ул. Монтажников 42, к.1 (ГП-5-12)",1
2024-04-10,"ул. Монтажников, 42б. (ГП-6.1)",3
2024-04-10,"ул. Федора Достоевского, д.  26, (ГП-7.1)",1
2024-04-11,"ул. Монтажников, д.  42а, (ГП-5.11)",1
2024-04-12,"ул. Александра Пушкина, д. 5, (ГП-7.6)",2
2024-04-12,"ул. Валентины Трофимовой, д. 8",1
2024-04-12,"ул. Монтажников, 42б. (ГП-6.1)",1
2024-04-15,"ул. Монтажников, 42б. (ГП-6.1)",2
2024-04-16,"ул. Монтажников, 42б. (ГП-6.1)",2
2024-04-17,"ул. Александра Пушкина, д. 5, (ГП-7.6)",2
2024-04-17,"ул. Федора Достоевского, д.  26, (ГП-7.1)",1
2024-04-24,"ул. Александра Пушкина, д. 3, к.1 (ГП-7.11)",1
2024-04-24,"ул. Александра Пушкина, д. 5, (ГП-7.6)",4
2024-04-24,"ул. Константина Посьета, д.  4к1, (ГП-5.2)",1
2024-04-24,"ул. Монтажников 42, к.1 (ГП-5-12)",2
2024-04-24,"ул. Монтажников, 42б. (ГП-6.1)",5
2024-04-24,"ул. Монтажников, д.  42, (ГП-5.10)",1
2024-04-24,"ул. Федора Достоевского, д.  26, (ГП-7.1)",1
2024-04-25,"ул. Александра Пушкина, д. 5, (ГП-7.6)",1
2024-04-25,"ул. Валентины Трофимовой, д. 12",1
2024-04-25,"ул. Федора Достоевского, д.  26, (ГП-7.1)",1
2024-05-03,"ул. Александра Пушкина, д. 3, к.1 (ГП-7.11)",1
2024-05-03,"ул. Александра Пушкина, д. 5, (ГП-7.6)",4
2024-05-03,"ул. Константина Посьета, д.  4к1, (ГП-5.2)",1
2024-05-03,"ул. Монтажников 42, к.1 (ГП-5-12)",3
2024-05-03,"ул. Монтажников, 42б. (ГП-6.1)",7
2024-05-03,"ул. Федора Достоевского, д.  26, (ГП-7.1)",2
2024-05-06,"ул. Александра Пушкина, д. 5, (ГП-7.6)",3
2024-05-06,"ул. Монтажников, 42б. (ГП-6.1)",3
2024-05-13,"ул. Александра Пушкина, д. 5, (ГП-7.6)",2
2024-05-13,"ул. Валентины Трофимовой, д. 8",1
2024-05-13,"ул. Монтажников 36, (ГП-4.7)",1
2024-05-13,"ул. Монтажников 42, к.1 (ГП-5-12)",1
2024-05-13,"ул. Монтажников, 42б. (ГП-6.1)",5
2024-05-13,"ул. Монтажников, д.  42, (ГП-5.10)",1
2024-05-14,"ул. Александра Пушкина, д. 3, к.1 (ГП-7.11)",64
2024-05-14,"ул. Александра Пушкина, д. 5, (ГП-7.6)",88
2024-05-14,"ул. Валентины Трофимовой, д. 8",7
2024-05-14,"ул. Константина Посьета, д.  4к1, (ГП-5.2)",186
2024-05-14,"ул. Монтажников 36, (ГП-4.7)",3
2024-05-14,"ул. Монтажников 42, к.1 (ГП-5-12)",45
2024-05-14,"ул. Монтажников, 42б. (ГП-6.1)",83
2024-05-14,"ул. Монтажников, д.  42а, (ГП-5.11)",1
2024-05-14,"ул. Федора Достоевского, д.  26, (ГП-7.1)",186
